_:1c76c216-5cf5-4618-831b-cffba8010546,http://microrts.com/game/action/value,http://microrts.com/game/unit/6
_:1c76c216-5cf5-4618-831b-cffba8010546,http://microrts.com/game/action/in,self
_:1c76c216-5cf5-4618-831b-cffba8010546,http://microrts.com/game/action/statistic,unit
_:c80e90bd-6a16-498e-805b-fc70a1b25154,http://microrts.com/game/unit/if,_:09253e0e-3ca5-4214-b0b5-3cf4b9204947
_:c80e90bd-6a16-498e-805b-fc70a1b25154,http://microrts.com/game/unit/unit,http://microrts.com/game/unit/1
_:c80e90bd-6a16-498e-805b-fc70a1b25154,http://microrts.com/game/unit/relation,friendly
http://microrts.com/game/action/4,http://microrts.com/game/action/describedByInCreates,http://microrts.com/game/rating/costGood
http://microrts.com/game/action/4,http://microrts.com/game/action/creates,http://microrts.com/game/unit/6
http://microrts.com/game/action/4,http://microrts.com/game/action/creates,http://microrts.com/game/unit/1
http://microrts.com/game/action/4,http://microrts.com/game/action/doneBy,http://microrts.com/game/unit/2
http://microrts.com/game/action/4,http://www.w3.org/2000/01/rdf-schema#comment,produces a unit in the specified direction
http://microrts.com/game/action/4,http://microrts.com/game/action/creates,http://microrts.com/game/unit/5
http://microrts.com/game/action/4,http://microrts.com/game/action/doneBy,http://microrts.com/game/unit/1
http://microrts.com/game/action/4,http://microrts.com/game/action/creates,http://microrts.com/game/unit/4
http://microrts.com/game/action/4,http://microrts.com/game/action/targetsPlayer,empty
http://microrts.com/game/action/4,http://microrts.com/game/action/creates,http://microrts.com/game/unit/3
http://microrts.com/game/action/4,http://microrts.com/game/action/describedByInCreates,http://microrts.com/game/rating/produceTimeBad
http://microrts.com/game/action/4,http://microrts.com/game/action/describedByInCreates,http://microrts.com/game/rating/costBad
http://microrts.com/game/action/4,http://microrts.com/game/action/targetsDistance,adjacent
http://microrts.com/game/action/4,http://microrts.com/game/action/includedBy,http://microrts.com/game/mainGame
http://microrts.com/game/action/4,http://www.w3.org/1999/02/22-rdf-syntax-ns#type,http://microrts.com/game/action/Action
http://microrts.com/game/action/4,http://www.w3.org/2000/01/rdf-schema#label,produce
http://microrts.com/game/action/4,http://microrts.com/game/action/doneBy,http://microrts.com/game/unit/3
http://microrts.com/game/action/4,http://microrts.com/game/action/creates,http://microrts.com/game/unit/2
http://microrts.com/game/action/4,http://microrts.com/game/action/describedByInCreates,http://microrts.com/game/rating/produceTimeGood
_:febbbfb2-7797-4b20-94e0-4a2ce66686b7,http://microrts.com/game/unit/weight,"""6.0""^^xsd:double"
_:febbbfb2-7797-4b20-94e0-4a2ce66686b7,http://microrts.com/game/unit/fraction,"""0.5""^^xsd:double"
_:febbbfb2-7797-4b20-94e0-4a2ce66686b7,http://microrts.com/game/unit/how,below
_:febbbfb2-7797-4b20-94e0-4a2ce66686b7,http://microrts.com/game/unit/relation,friendly
_:febbbfb2-7797-4b20-94e0-4a2ce66686b7,http://microrts.com/game/unit/unit,http://microrts.com/game/unit/3
_:13edebcd-8631-449a-a393-50b718cd52ca,http://microrts.com/game/action/value,low
_:13edebcd-8631-449a-a393-50b718cd52ca,http://microrts.com/game/action/in,self
_:13edebcd-8631-449a-a393-50b718cd52ca,http://microrts.com/game/action/statistic,hp
_:10747042-f36a-4056-9b02-a57d0693fd6d,http://microrts.com/game/action/value,http://microrts.com/game/unit/3
_:10747042-f36a-4056-9b02-a57d0693fd6d,http://microrts.com/game/action/in,friendly
_:10747042-f36a-4056-9b02-a57d0693fd6d,http://microrts.com/game/action/statistic,unit
_:167f9847-90bc-4b58-998c-2ae86e31882d,http://microrts.com/game/unit/weight,"""0.5""^^xsd:double"
_:167f9847-90bc-4b58-998c-2ae86e31882d,http://microrts.com/game/unit/fraction,"""0.5""^^xsd:double"
_:167f9847-90bc-4b58-998c-2ae86e31882d,http://microrts.com/game/unit/how,over
_:167f9847-90bc-4b58-998c-2ae86e31882d,http://microrts.com/game/unit/relation,friendly
_:167f9847-90bc-4b58-998c-2ae86e31882d,http://microrts.com/game/unit/unit,http://microrts.com/game/unit/3
http://microrts.com/game/rating/returnTimeMedium,http://microrts.com/game/rating/rankedBy,http://microrts.com/game/unit/3
http://microrts.com/game/rating/returnTimeMedium,http://microrts.com/game/rating/describes,http://microrts.com/game/action/3
http://microrts.com/game/rating/returnTimeMedium,http://www.w3.org/1999/02/22-rdf-syntax-ns#type,http://microrts.com/game/rating/Rating
_:1de1b84f-8870-46ff-a3c5-6fe0ebdd697e,http://microrts.com/game/unit/weight,"""0.5""^^xsd:double"
_:1de1b84f-8870-46ff-a3c5-6fe0ebdd697e,http://microrts.com/game/unit/fraction,"""0.25""^^xsd:double"
_:1de1b84f-8870-46ff-a3c5-6fe0ebdd697e,http://microrts.com/game/unit/how,over
_:1de1b84f-8870-46ff-a3c5-6fe0ebdd697e,http://microrts.com/game/unit/relation,enemy
_:1de1b84f-8870-46ff-a3c5-6fe0ebdd697e,http://microrts.com/game/unit/unit,http://microrts.com/game/unit/4
http://microrts.com/game/rating/hpBad,http://microrts.com/game/rating/rankedBy,http://microrts.com/game/unit/6
http://microrts.com/game/rating/hpBad,http://microrts.com/game/rating/rankedBy,http://microrts.com/game/unit/3
http://microrts.com/game/rating/hpBad,http://www.w3.org/1999/02/22-rdf-syntax-ns#type,http://microrts.com/game/rating/Rating
_:451fba50-f0e5-48d6-9226-991953df8504,http://microrts.com/game/action/value,http://microrts.com/game/unit/4
_:451fba50-f0e5-48d6-9226-991953df8504,http://microrts.com/game/action/in,self
_:451fba50-f0e5-48d6-9226-991953df8504,http://microrts.com/game/action/statistic,unit
_:d28eb476-381a-407b-ae75-026254472766,http://microrts.com/game/action/value,http://microrts.com/game/unit/6
_:d28eb476-381a-407b-ae75-026254472766,http://microrts.com/game/action/in,enemy
_:d28eb476-381a-407b-ae75-026254472766,http://microrts.com/game/action/statistic,unit
_:2235f5f9-2f72-44af-9b5d-a9d406c12d50,http://microrts.com/game/action/value,http://microrts.com/game/unit/5
_:2235f5f9-2f72-44af-9b5d-a9d406c12d50,http://microrts.com/game/action/in,friendly
_:2235f5f9-2f72-44af-9b5d-a9d406c12d50,http://microrts.com/game/action/statistic,unit
http://microrts.com/game/unit/2,http://microrts.com/game/unit/isResource,"""false""^^xsd:boolean"
http://microrts.com/game/unit/2,http://microrts.com/game/unit/targetedBy,http://microrts.com/game/action/5
http://microrts.com/game/unit/2,http://microrts.com/game/unit/does,http://microrts.com/game/action/4
http://microrts.com/game/unit/2,http://www.w3.org/1999/02/22-rdf-syntax-ns#type,http://microrts.com/game/unit/Unit
http://microrts.com/game/unit/2,http://microrts.com/game/unit/produces,http://microrts.com/game/unit/5
http://microrts.com/game/unit/2,http://microrts.com/game/unit/hasCost,"""5""^^xsd:long"
http://microrts.com/game/unit/2,http://microrts.com/game/unit/ranks,http://microrts.com/game/rating/costBad
http://microrts.com/game/unit/2,http://microrts.com/game/unit/produces,http://microrts.com/game/unit/6
http://microrts.com/game/unit/2,http://microrts.com/game/unit/createdBy,http://microrts.com/game/action/4
http://microrts.com/game/unit/2,http://microrts.com/game/unit/aimsAt,_:c415ef1a-e8c4-4d64-9c61-fb887a0dee01
http://microrts.com/game/unit/2,http://www.w3.org/2000/01/rdf-schema#label,Barracks
http://microrts.com/game/unit/2,http://microrts.com/game/unit/producedBy,http://microrts.com/game/unit/3
http://microrts.com/game/unit/2,http://microrts.com/game/unit/isStockpile,"""false""^^xsd:boolean"
http://microrts.com/game/unit/2,http://microrts.com/game/unit/ranks,http://microrts.com/game/rating/hpMedium
http://microrts.com/game/unit/2,http://microrts.com/game/unit/ranks,http://microrts.com/game/rating/produceTimeBad
http://microrts.com/game/unit/2,http://microrts.com/game/unit/hasProduceTime,"""200""^^xsd:long"
http://microrts.com/game/unit/2,http://microrts.com/game/unit/includedBy,http://microrts.com/game/mainGame
http://microrts.com/game/unit/2,http://microrts.com/game/unit/produces,http://microrts.com/game/unit/4
http://microrts.com/game/unit/2,http://microrts.com/game/unit/does,http://microrts.com/game/action/0
http://microrts.com/game/unit/2,http://microrts.com/game/unit/hasHp,"""4""^^xsd:long"
_:7e310c41-94f1-4d4b-a9c0-88b8f91ab34f,http://microrts.com/game/unit/relation,enemy
_:c415ef1a-e8c4-4d64-9c61-fb887a0dee01,http://microrts.com/game/unit/unit,http://microrts.com/game/unit/1
_:c415ef1a-e8c4-4d64-9c61-fb887a0dee01,http://microrts.com/game/unit/relation,enemy
_:98082c4a-d4fa-4602-9cd5-a8b8346b04fd,http://microrts.com/game/unit/weight,"""0.5""^^xsd:double"
_:98082c4a-d4fa-4602-9cd5-a8b8346b04fd,http://microrts.com/game/unit/fraction,"""0.15""^^xsd:double"
_:98082c4a-d4fa-4602-9cd5-a8b8346b04fd,http://microrts.com/game/unit/how,over
_:98082c4a-d4fa-4602-9cd5-a8b8346b04fd,http://microrts.com/game/unit/relation,enemy
_:98082c4a-d4fa-4602-9cd5-a8b8346b04fd,http://microrts.com/game/unit/unit,http://microrts.com/game/unit/5
_:30a9c54a-6a17-4007-a931-c02ce9977516,http://microrts.com/game/action/value,http://microrts.com/game/unit/6
_:30a9c54a-6a17-4007-a931-c02ce9977516,http://microrts.com/game/action/in,friendly
_:30a9c54a-6a17-4007-a931-c02ce9977516,http://microrts.com/game/action/statistic,unit
http://microrts.com/game/rating/produceTimeGood,http://microrts.com/game/rating/rankedBy,http://microrts.com/game/unit/6
http://microrts.com/game/rating/produceTimeGood,http://microrts.com/game/rating/rankedBy,http://microrts.com/game/unit/4
http://microrts.com/game/rating/produceTimeGood,http://microrts.com/game/rating/rankedBy,http://microrts.com/game/unit/3
http://microrts.com/game/rating/produceTimeGood,http://microrts.com/game/rating/describesInCreatedBy,http://microrts.com/game/action/4
http://microrts.com/game/rating/produceTimeGood,http://www.w3.org/1999/02/22-rdf-syntax-ns#type,http://microrts.com/game/rating/Rating
_:7ced428b-6cbd-45d8-8707-5930abc79032,http://microrts.com/game/action/value,http://microrts.com/game/unit/3
_:7ced428b-6cbd-45d8-8707-5930abc79032,http://microrts.com/game/action/in,self
_:7ced428b-6cbd-45d8-8707-5930abc79032,http://microrts.com/game/action/statistic,unit
_:6521daaa-3ca7-4bf5-80d5-67969ce4b8c8,http://microrts.com/game/action/value,http://microrts.com/game/unit/3
_:6521daaa-3ca7-4bf5-80d5-67969ce4b8c8,http://microrts.com/game/action/in,self
_:6521daaa-3ca7-4bf5-80d5-67969ce4b8c8,http://microrts.com/game/action/statistic,unit
http://microrts.com/game/action/1,http://microrts.com/game/action/prefers,_:13edebcd-8631-449a-a393-50b718cd52ca
http://microrts.com/game/action/1,http://microrts.com/game/action/prefers,_:b015ae30-cc65-427c-879e-2dbf9e007183
http://microrts.com/game/action/1,http://microrts.com/game/action/prefers,_:93a502a7-07f0-40c3-873f-b05a84676869
http://microrts.com/game/action/1,http://microrts.com/game/action/prefers,_:6f8c7f31-cc5c-43e8-94b3-32c84dbca677
http://microrts.com/game/action/1,http://microrts.com/game/action/describedBy,http://microrts.com/game/rating/moveTimeBad
http://microrts.com/game/action/1,http://microrts.com/game/action/targetsPlayer,empty
http://microrts.com/game/action/1,http://www.w3.org/2000/01/rdf-schema#comment,moves the unit in the specified direction
http://microrts.com/game/action/1,http://microrts.com/game/action/includedBy,http://microrts.com/game/mainGame
http://microrts.com/game/action/1,http://microrts.com/game/action/prefers,_:d960dddc-2e56-41b7-b5ca-3c889a61d072
http://microrts.com/game/action/1,http://microrts.com/game/action/prefers,_:e5eb5894-2c74-482f-8a1d-d1827bfb394b
http://microrts.com/game/action/1,http://microrts.com/game/action/doneBy,http://microrts.com/game/unit/5
http://microrts.com/game/action/1,http://microrts.com/game/action/describedBy,http://microrts.com/game/rating/moveTimeGood
http://microrts.com/game/action/1,http://microrts.com/game/action/doneBy,http://microrts.com/game/unit/3
http://microrts.com/game/action/1,http://microrts.com/game/action/doneBy,http://microrts.com/game/unit/6
http://microrts.com/game/action/1,http://microrts.com/game/action/prefers,_:d28eb476-381a-407b-ae75-026254472766
http://microrts.com/game/action/1,http://www.w3.org/2000/01/rdf-schema#label,move
http://microrts.com/game/action/1,http://microrts.com/game/action/targetsDistance,adjacent
http://microrts.com/game/action/1,http://www.w3.org/1999/02/22-rdf-syntax-ns#type,http://microrts.com/game/action/Action
http://microrts.com/game/action/1,http://microrts.com/game/action/doneBy,http://microrts.com/game/unit/4
_:38112359-f071-4fa2-b252-cd7d900e8ba4,http://microrts.com/game/action/value,high
_:38112359-f071-4fa2-b252-cd7d900e8ba4,http://microrts.com/game/action/in,target
_:38112359-f071-4fa2-b252-cd7d900e8ba4,http://microrts.com/game/action/statistic,resources
_:d960dddc-2e56-41b7-b5ca-3c889a61d072,http://microrts.com/game/action/value,http://microrts.com/game/unit/5
_:d960dddc-2e56-41b7-b5ca-3c889a61d072,http://microrts.com/game/action/in,enemy
_:d960dddc-2e56-41b7-b5ca-3c889a61d072,http://microrts.com/game/action/statistic,unit
http://microrts.com/game/rating/hpGood,http://microrts.com/game/rating/rankedBy,http://microrts.com/game/unit/1
http://microrts.com/game/rating/hpGood,http://www.w3.org/1999/02/22-rdf-syntax-ns#type,http://microrts.com/game/rating/Rating
http://microrts.com/game/rating/minDamageMedium,http://microrts.com/game/rating/rankedBy,http://microrts.com/game/unit/4
http://microrts.com/game/rating/minDamageMedium,http://microrts.com/game/rating/describes,http://microrts.com/game/action/5
http://microrts.com/game/rating/minDamageMedium,http://www.w3.org/1999/02/22-rdf-syntax-ns#type,http://microrts.com/game/rating/Rating
http://microrts.com/game/unit/4,http://microrts.com/game/unit/aimsAtDefault,_:9753f55c-3230-4c38-8041-6e43a20ffe86
http://microrts.com/game/unit/4,http://microrts.com/game/unit/prefers,_:ece9a5a8-c78d-4560-92c1-e406d4a3107c
http://microrts.com/game/unit/4,http://microrts.com/game/unit/ranks,http://microrts.com/game/rating/attackTimeMedium
http://microrts.com/game/unit/4,http://microrts.com/game/unit/does,http://microrts.com/game/action/1
http://microrts.com/game/unit/4,http://microrts.com/game/unit/hasMoveTime,"""8""^^xsd:long"
http://microrts.com/game/unit/4,http://microrts.com/game/unit/prefers,_:98be1a9c-796b-4da6-bd60-27428f1d1ff8
http://microrts.com/game/unit/4,http://microrts.com/game/unit/ranks,http://microrts.com/game/rating/hpMedium
http://microrts.com/game/unit/4,http://microrts.com/game/unit/ranks,http://microrts.com/game/rating/moveTimeGood
http://microrts.com/game/unit/4,http://microrts.com/game/unit/ranks,http://microrts.com/game/rating/maxDamageMedium
http://microrts.com/game/unit/4,http://microrts.com/game/unit/does,http://microrts.com/game/action/5
http://microrts.com/game/unit/4,http://microrts.com/game/unit/includedBy,http://microrts.com/game/mainGame
http://microrts.com/game/unit/4,http://microrts.com/game/unit/isStockpile,"""false""^^xsd:boolean"
http://microrts.com/game/unit/4,http://microrts.com/game/unit/hasAttackTime,"""5""^^xsd:long"
http://microrts.com/game/unit/4,http://microrts.com/game/unit/does,http://microrts.com/game/action/0
http://microrts.com/game/unit/4,http://microrts.com/game/unit/ranks,http://microrts.com/game/rating/costGood
http://microrts.com/game/unit/4,http://microrts.com/game/unit/aimsAt,_:bdc2cd14-646e-4200-bdd0-203e350e249d
http://microrts.com/game/unit/4,http://microrts.com/game/unit/ranks,http://microrts.com/game/rating/attackRangeBad
http://microrts.com/game/unit/4,http://microrts.com/game/unit/ranks,http://microrts.com/game/rating/minDamageMedium
http://microrts.com/game/unit/4,http://microrts.com/game/unit/targetedBy,http://microrts.com/game/action/5
http://microrts.com/game/unit/4,http://microrts.com/game/unit/ranks,http://microrts.com/game/rating/produceTimeGood
http://microrts.com/game/unit/4,http://www.w3.org/1999/02/22-rdf-syntax-ns#type,http://microrts.com/game/unit/Unit
http://microrts.com/game/unit/4,http://microrts.com/game/unit/hasProduceTime,"""80""^^xsd:long"
http://microrts.com/game/unit/4,http://microrts.com/game/unit/hasAttackRange,"""1""^^xsd:long"
http://microrts.com/game/unit/4,http://microrts.com/game/unit/hasHp,"""4""^^xsd:long"
http://microrts.com/game/unit/4,http://microrts.com/game/unit/isResource,"""false""^^xsd:boolean"
http://microrts.com/game/unit/4,http://www.w3.org/2000/01/rdf-schema#label,Light
http://microrts.com/game/unit/4,http://microrts.com/game/unit/hasCost,"""2""^^xsd:long"
http://microrts.com/game/unit/4,http://microrts.com/game/unit/createdBy,http://microrts.com/game/action/4
http://microrts.com/game/unit/4,http://microrts.com/game/unit/producedBy,http://microrts.com/game/unit/2
http://microrts.com/game/unit/4,http://microrts.com/game/unit/hasMinDamage,"""2""^^xsd:long"
http://microrts.com/game/unit/4,http://microrts.com/game/unit/hasMaxDamage,"""2""^^xsd:long"
http://microrts.com/game/rating/hpMedium,http://microrts.com/game/rating/rankedBy,http://microrts.com/game/unit/5
http://microrts.com/game/rating/hpMedium,http://microrts.com/game/rating/rankedBy,http://microrts.com/game/unit/4
http://microrts.com/game/rating/hpMedium,http://microrts.com/game/rating/rankedBy,http://microrts.com/game/unit/2
http://microrts.com/game/rating/hpMedium,http://www.w3.org/1999/02/22-rdf-syntax-ns#type,http://microrts.com/game/rating/Rating
_:9753f55c-3230-4c38-8041-6e43a20ffe86,http://microrts.com/game/unit/relation,enemy
_:2035c96e-99d2-433f-9b7b-784dc4950791,http://microrts.com/game/action/value,high
_:2035c96e-99d2-433f-9b7b-784dc4950791,http://microrts.com/game/action/in,self
_:2035c96e-99d2-433f-9b7b-784dc4950791,http://microrts.com/game/action/statistic,resources
_:f127ba62-cf81-40d5-8240-d28314c9393d,http://microrts.com/game/action/value,http://microrts.com/game/action/3
_:f127ba62-cf81-40d5-8240-d28314c9393d,http://microrts.com/game/action/in,target
_:f127ba62-cf81-40d5-8240-d28314c9393d,http://microrts.com/game/action/statistic,action
_:b015ae30-cc65-427c-879e-2dbf9e007183,http://microrts.com/game/action/value,http://microrts.com/game/unit/3
_:b015ae30-cc65-427c-879e-2dbf9e007183,http://microrts.com/game/action/in,enemy
_:b015ae30-cc65-427c-879e-2dbf9e007183,http://microrts.com/game/action/statistic,unit
_:09253e0e-3ca5-4214-b0b5-3cf4b9204947,http://microrts.com/game/unit/value,high
_:09253e0e-3ca5-4214-b0b5-3cf4b9204947,http://microrts.com/game/unit/statistic,resources
http://microrts.com/game/rating/attackRangeGood,http://microrts.com/game/rating/rankedBy,http://microrts.com/game/unit/6
http://microrts.com/game/rating/attackRangeGood,http://microrts.com/game/rating/describes,http://microrts.com/game/action/5
http://microrts.com/game/rating/attackRangeGood,http://www.w3.org/1999/02/22-rdf-syntax-ns#type,http://microrts.com/game/rating/Rating
_:bdc2cd14-646e-4200-bdd0-203e350e249d,http://microrts.com/game/unit/unit,http://microrts.com/game/unit/1
_:bdc2cd14-646e-4200-bdd0-203e350e249d,http://microrts.com/game/unit/relation,enemy
_:7c54d873-139a-4ebc-8974-f79147240765,http://microrts.com/game/action/value,http://microrts.com/game/action/4
_:7c54d873-139a-4ebc-8974-f79147240765,http://microrts.com/game/action/in,target
_:7c54d873-139a-4ebc-8974-f79147240765,http://microrts.com/game/action/statistic,action
_:93a502a7-07f0-40c3-873f-b05a84676869,http://microrts.com/game/action/value,high
_:93a502a7-07f0-40c3-873f-b05a84676869,http://microrts.com/game/action/in,self
_:93a502a7-07f0-40c3-873f-b05a84676869,http://microrts.com/game/action/statistic,resources
http://microrts.com/game/action/3,http://microrts.com/game/action/targetsPlayer,friendly
http://microrts.com/game/action/3,http://www.w3.org/2000/01/rdf-schema#label,return
http://microrts.com/game/action/3,http://microrts.com/game/action/prefers,_:2035c96e-99d2-433f-9b7b-784dc4950791
http://microrts.com/game/action/3,http://microrts.com/game/action/describedBy,http://microrts.com/game/rating/returnTimeMedium
http://microrts.com/game/action/3,http://microrts.com/game/action/needs,_:4154e91c-4e3d-4725-8cdb-94f87e1dbaab
http://microrts.com/game/action/3,http://microrts.com/game/action/targets,http://microrts.com/game/unit/1
http://microrts.com/game/action/3,http://microrts.com/game/action/prefers,_:b16b0289-984f-4f0f-9f5b-06ad3b05e1f1
http://microrts.com/game/action/3,http://www.w3.org/2000/01/rdf-schema#comment,returns to base with a resource
http://microrts.com/game/action/3,http://microrts.com/game/action/targetsDistance,adjacent
http://microrts.com/game/action/3,http://microrts.com/game/action/includedBy,http://microrts.com/game/mainGame
http://microrts.com/game/action/3,http://www.w3.org/1999/02/22-rdf-syntax-ns#type,http://microrts.com/game/action/Action
http://microrts.com/game/action/3,http://microrts.com/game/action/doneBy,http://microrts.com/game/unit/3
http://microrts.com/game/rating/minDamageBad,http://microrts.com/game/rating/rankedBy,http://microrts.com/game/unit/6
http://microrts.com/game/rating/minDamageBad,http://microrts.com/game/rating/rankedBy,http://microrts.com/game/unit/3
http://microrts.com/game/rating/minDamageBad,http://microrts.com/game/rating/describes,http://microrts.com/game/action/5
http://microrts.com/game/rating/minDamageBad,http://www.w3.org/1999/02/22-rdf-syntax-ns#type,http://microrts.com/game/rating/Rating
_:29b21e41-b120-470a-9d2b-fe43f7055af1,http://microrts.com/game/action/value,http://microrts.com/game/unit/5
_:29b21e41-b120-470a-9d2b-fe43f7055af1,http://microrts.com/game/action/in,self
_:29b21e41-b120-470a-9d2b-fe43f7055af1,http://microrts.com/game/action/statistic,unit
_:4154e91c-4e3d-4725-8cdb-94f87e1dbaab,http://microrts.com/game/action/value,high
_:4154e91c-4e3d-4725-8cdb-94f87e1dbaab,http://microrts.com/game/action/in,self
_:4154e91c-4e3d-4725-8cdb-94f87e1dbaab,http://microrts.com/game/action/statistic,resources
http://microrts.com/game/rating/attackTimeMedium,http://microrts.com/game/rating/rankedBy,http://microrts.com/game/unit/6
http://microrts.com/game/rating/attackTimeMedium,http://microrts.com/game/rating/rankedBy,http://microrts.com/game/unit/5
http://microrts.com/game/rating/attackTimeMedium,http://microrts.com/game/rating/rankedBy,http://microrts.com/game/unit/4
http://microrts.com/game/rating/attackTimeMedium,http://microrts.com/game/rating/rankedBy,http://microrts.com/game/unit/3
http://microrts.com/game/rating/attackTimeMedium,http://microrts.com/game/rating/describes,http://microrts.com/game/action/5
http://microrts.com/game/rating/attackTimeMedium,http://www.w3.org/1999/02/22-rdf-syntax-ns#type,http://microrts.com/game/rating/Rating
http://microrts.com/game/rating/maxDamageGood,http://microrts.com/game/rating/rankedBy,http://microrts.com/game/unit/5
http://microrts.com/game/rating/maxDamageGood,http://microrts.com/game/rating/describes,http://microrts.com/game/action/5
http://microrts.com/game/rating/maxDamageGood,http://www.w3.org/1999/02/22-rdf-syntax-ns#type,http://microrts.com/game/rating/Rating
http://microrts.com/game/rating/produceTimeBad,http://microrts.com/game/rating/rankedBy,http://microrts.com/game/unit/5
http://microrts.com/game/rating/produceTimeBad,http://microrts.com/game/rating/rankedBy,http://microrts.com/game/unit/2
http://microrts.com/game/rating/produceTimeBad,http://microrts.com/game/rating/rankedBy,http://microrts.com/game/unit/1
http://microrts.com/game/rating/produceTimeBad,http://microrts.com/game/rating/describesInCreatedBy,http://microrts.com/game/action/4
http://microrts.com/game/rating/produceTimeBad,http://www.w3.org/1999/02/22-rdf-syntax-ns#type,http://microrts.com/game/rating/Rating
http://microrts.com/game/unit/6,http://microrts.com/game/unit/hasMaxDamage,"""1""^^xsd:long"
http://microrts.com/game/unit/6,http://microrts.com/game/unit/aimsAtDefault,_:c9d67b31-fc24-4490-973a-10c9ee35cddd
http://microrts.com/game/unit/6,http://microrts.com/game/unit/does,http://microrts.com/game/action/5
http://microrts.com/game/unit/6,http://microrts.com/game/unit/includedBy,http://microrts.com/game/mainGame
http://microrts.com/game/unit/6,http://microrts.com/game/unit/createdBy,http://microrts.com/game/action/4
http://microrts.com/game/unit/6,http://microrts.com/game/unit/hasProduceTime,"""100""^^xsd:long"
http://microrts.com/game/unit/6,http://microrts.com/game/unit/prefers,_:2a2d4015-d4e5-4a05-9363-f1c63240936c
http://microrts.com/game/unit/6,http://microrts.com/game/unit/ranks,http://microrts.com/game/rating/costGood
http://microrts.com/game/unit/6,http://microrts.com/game/unit/prefers,_:98082c4a-d4fa-4602-9cd5-a8b8346b04fd
http://microrts.com/game/unit/6,http://microrts.com/game/unit/hasMoveTime,"""10""^^xsd:long"
http://microrts.com/game/unit/6,http://microrts.com/game/unit/hasHp,"""1""^^xsd:long"
http://microrts.com/game/unit/6,http://microrts.com/game/unit/hasAttackRange,"""3""^^xsd:long"
http://microrts.com/game/unit/6,http://microrts.com/game/unit/ranks,http://microrts.com/game/rating/produceTimeGood
http://microrts.com/game/unit/6,http://microrts.com/game/unit/ranks,http://microrts.com/game/rating/attackRangeGood
http://microrts.com/game/unit/6,http://microrts.com/game/unit/isStockpile,"""false""^^xsd:boolean"
http://microrts.com/game/unit/6,http://microrts.com/game/unit/ranks,http://microrts.com/game/rating/minDamageBad
http://microrts.com/game/unit/6,http://microrts.com/game/unit/ranks,http://microrts.com/game/rating/hpBad
http://microrts.com/game/unit/6,http://www.w3.org/2000/01/rdf-schema#label,Ranged
http://microrts.com/game/unit/6,http://microrts.com/game/unit/ranks,http://microrts.com/game/rating/maxDamageBad
http://microrts.com/game/unit/6,http://www.w3.org/1999/02/22-rdf-syntax-ns#type,http://microrts.com/game/unit/Unit
http://microrts.com/game/unit/6,http://microrts.com/game/unit/aimsAt,_:d70162e2-a3f6-462a-b4a1-f269a9602abd
http://microrts.com/game/unit/6,http://microrts.com/game/unit/hasMinDamage,"""1""^^xsd:long"
http://microrts.com/game/unit/6,http://microrts.com/game/unit/hasAttackTime,"""5""^^xsd:long"
http://microrts.com/game/unit/6,http://microrts.com/game/unit/producedBy,http://microrts.com/game/unit/2
http://microrts.com/game/unit/6,http://microrts.com/game/unit/hasCost,"""2""^^xsd:long"
http://microrts.com/game/unit/6,http://microrts.com/game/unit/isResource,"""false""^^xsd:boolean"
http://microrts.com/game/unit/6,http://microrts.com/game/unit/targetedBy,http://microrts.com/game/action/5
http://microrts.com/game/unit/6,http://microrts.com/game/unit/does,http://microrts.com/game/action/0
http://microrts.com/game/unit/6,http://microrts.com/game/unit/ranks,http://microrts.com/game/rating/attackTimeMedium
http://microrts.com/game/unit/6,http://microrts.com/game/unit/does,http://microrts.com/game/action/1
http://microrts.com/game/unit/6,http://microrts.com/game/unit/ranks,http://microrts.com/game/rating/moveTimeBad
_:d038d07a-190b-4aca-99b0-e1f9d188d1f0,http://microrts.com/game/action/value,http://microrts.com/game/action/2
_:d038d07a-190b-4aca-99b0-e1f9d188d1f0,http://microrts.com/game/action/in,friendly
_:d038d07a-190b-4aca-99b0-e1f9d188d1f0,http://microrts.com/game/action/statistic,action
http://microrts.com/game/rating/maxDamageBad,http://microrts.com/game/rating/rankedBy,http://microrts.com/game/unit/6
http://microrts.com/game/rating/maxDamageBad,http://microrts.com/game/rating/rankedBy,http://microrts.com/game/unit/3
http://microrts.com/game/rating/maxDamageBad,http://microrts.com/game/rating/describes,http://microrts.com/game/action/5
http://microrts.com/game/rating/maxDamageBad,http://www.w3.org/1999/02/22-rdf-syntax-ns#type,http://microrts.com/game/rating/Rating
_:c246d3f7-29dd-4575-8f97-f5697dfa2437,http://microrts.com/game/action/value,high
_:c246d3f7-29dd-4575-8f97-f5697dfa2437,http://microrts.com/game/action/in,self
_:c246d3f7-29dd-4575-8f97-f5697dfa2437,http://microrts.com/game/action/statistic,hp
_:98be1a9c-796b-4da6-bd60-27428f1d1ff8,http://microrts.com/game/unit/weight,"""1.0""^^xsd:double"
_:98be1a9c-796b-4da6-bd60-27428f1d1ff8,http://microrts.com/game/unit/fraction,"""0.5""^^xsd:double"
_:98be1a9c-796b-4da6-bd60-27428f1d1ff8,http://microrts.com/game/unit/how,over
_:98be1a9c-796b-4da6-bd60-27428f1d1ff8,http://microrts.com/game/unit/relation,enemy
_:98be1a9c-796b-4da6-bd60-27428f1d1ff8,http://microrts.com/game/unit/unit,http://microrts.com/game/unit/3
_:b95de8ba-92e2-4292-8e33-e6797b9481e9,http://microrts.com/game/unit/unit,http://microrts.com/game/unit/1
_:b95de8ba-92e2-4292-8e33-e6797b9481e9,http://microrts.com/game/unit/relation,enemy
_:749c6d8c-6d0a-4ed0-a05e-005562dedc1b,http://microrts.com/game/action/value,http://microrts.com/game/unit/6
_:749c6d8c-6d0a-4ed0-a05e-005562dedc1b,http://microrts.com/game/action/in,self
_:749c6d8c-6d0a-4ed0-a05e-005562dedc1b,http://microrts.com/game/action/statistic,unit
_:62b1906f-6805-4288-914e-d2083580dcfe,http://microrts.com/game/unit/unit,http://microrts.com/game/unit/0
_:62b1906f-6805-4288-914e-d2083580dcfe,http://microrts.com/game/unit/relation,neutral
_:c9d67b31-fc24-4490-973a-10c9ee35cddd,http://microrts.com/game/unit/relation,enemy
_:c6ba57fe-eb56-4a44-83ed-68e1347dfc3c,http://microrts.com/game/action/value,http://microrts.com/game/action/4
_:c6ba57fe-eb56-4a44-83ed-68e1347dfc3c,http://microrts.com/game/action/in,friendly
_:c6ba57fe-eb56-4a44-83ed-68e1347dfc3c,http://microrts.com/game/action/statistic,action
http://microrts.com/game/rating/moveTimeGood,http://microrts.com/game/rating/rankedBy,http://microrts.com/game/unit/4
http://microrts.com/game/rating/moveTimeGood,http://microrts.com/game/rating/describes,http://microrts.com/game/action/1
http://microrts.com/game/rating/moveTimeGood,http://www.w3.org/1999/02/22-rdf-syntax-ns#type,http://microrts.com/game/rating/Rating
http://microrts.com/game/rating/costBad,http://microrts.com/game/rating/rankedBy,http://microrts.com/game/unit/2
http://microrts.com/game/rating/costBad,http://microrts.com/game/rating/rankedBy,http://microrts.com/game/unit/1
http://microrts.com/game/rating/costBad,http://microrts.com/game/rating/describesInCreatedBy,http://microrts.com/game/action/4
http://microrts.com/game/rating/costBad,http://www.w3.org/1999/02/22-rdf-syntax-ns#type,http://microrts.com/game/rating/Rating
http://microrts.com/game/unit/1,http://microrts.com/game/unit/isResource,"""false""^^xsd:boolean"
http://microrts.com/game/unit/1,http://microrts.com/game/unit/targetedBy,http://microrts.com/game/action/5
http://microrts.com/game/unit/1,http://microrts.com/game/unit/does,http://microrts.com/game/action/4
http://microrts.com/game/unit/1,http://www.w3.org/1999/02/22-rdf-syntax-ns#type,http://microrts.com/game/unit/Unit
http://microrts.com/game/unit/1,http://microrts.com/game/unit/aimsAt,_:62b1906f-6805-4288-914e-d2083580dcfe
http://microrts.com/game/unit/1,http://microrts.com/game/unit/ranks,http://microrts.com/game/rating/costBad
http://microrts.com/game/unit/1,http://microrts.com/game/unit/ranks,http://microrts.com/game/rating/hpGood
http://microrts.com/game/unit/1,http://microrts.com/game/unit/createdBy,http://microrts.com/game/action/4
http://microrts.com/game/unit/1,http://www.w3.org/2000/01/rdf-schema#label,Base
http://microrts.com/game/unit/1,http://microrts.com/game/unit/targetedBy,http://microrts.com/game/action/3
http://microrts.com/game/unit/1,http://microrts.com/game/unit/hasProduceTime,"""250""^^xsd:long"
http://microrts.com/game/unit/1,http://microrts.com/game/unit/producedBy,http://microrts.com/game/unit/3
http://microrts.com/game/unit/1,http://microrts.com/game/unit/produces,http://microrts.com/game/unit/3
http://microrts.com/game/unit/1,http://microrts.com/game/unit/isStockpile,"""true""^^xsd:boolean"
http://microrts.com/game/unit/1,http://microrts.com/game/unit/ranks,http://microrts.com/game/rating/produceTimeBad
http://microrts.com/game/unit/1,http://microrts.com/game/unit/hasCost,"""10""^^xsd:long"
http://microrts.com/game/unit/1,http://microrts.com/game/unit/includedBy,http://microrts.com/game/mainGame
http://microrts.com/game/unit/1,http://microrts.com/game/unit/does,http://microrts.com/game/action/0
http://microrts.com/game/unit/1,http://microrts.com/game/unit/hasHp,"""10""^^xsd:long"
_:4d3414d4-2d0e-40d2-8e3d-5755dca9e6be,http://microrts.com/game/action/value,http://microrts.com/game/action/3
_:4d3414d4-2d0e-40d2-8e3d-5755dca9e6be,http://microrts.com/game/action/in,friendly
_:4d3414d4-2d0e-40d2-8e3d-5755dca9e6be,http://microrts.com/game/action/statistic,action
http://microrts.com/game/action/5,http://microrts.com/game/action/describedBy,http://microrts.com/game/rating/minDamageBad
http://microrts.com/game/action/5,http://microrts.com/game/action/targets,http://microrts.com/game/unit/5
http://microrts.com/game/action/5,http://microrts.com/game/action/targets,http://microrts.com/game/unit/3
http://microrts.com/game/action/5,http://microrts.com/game/action/prefers,_:29b21e41-b120-470a-9d2b-fe43f7055af1
http://microrts.com/game/action/5,http://microrts.com/game/action/prefers,_:58b3b0ee-8ffe-46a1-ba63-1dca34b9755f
http://microrts.com/game/action/5,http://microrts.com/game/action/prefers,_:be631807-0891-4dc9-960e-e2e103148628
http://microrts.com/game/action/5,http://microrts.com/game/action/doneBy,http://microrts.com/game/unit/3
http://microrts.com/game/action/5,http://microrts.com/game/action/prefers,_:c246d3f7-29dd-4575-8f97-f5697dfa2437
http://microrts.com/game/action/5,http://microrts.com/game/action/describedBy,http://microrts.com/game/rating/minDamageMedium
http://microrts.com/game/action/5,http://microrts.com/game/action/describedBy,http://microrts.com/game/rating/maxDamageMedium
http://microrts.com/game/action/5,http://microrts.com/game/action/describedBy,http://microrts.com/game/rating/attackRangeGood
http://microrts.com/game/action/5,http://microrts.com/game/action/prefers,_:451fba50-f0e5-48d6-9226-991953df8504
http://microrts.com/game/action/5,http://microrts.com/game/action/describedBy,http://microrts.com/game/rating/minDamageGood
http://microrts.com/game/action/5,http://microrts.com/game/action/doneBy,http://microrts.com/game/unit/4
http://microrts.com/game/action/5,http://www.w3.org/2000/01/rdf-schema#label,attack_location
http://microrts.com/game/action/5,http://microrts.com/game/action/prefers,_:c68fc4e6-a6cf-4615-87fe-9a7334fd255f
http://microrts.com/game/action/5,http://microrts.com/game/action/prefers,_:7c54d873-139a-4ebc-8974-f79147240765
http://microrts.com/game/action/5,http://microrts.com/game/action/describedBy,http://microrts.com/game/rating/maxDamageGood
http://microrts.com/game/action/5,http://microrts.com/game/action/prefers,_:4d3414d4-2d0e-40d2-8e3d-5755dca9e6be
http://microrts.com/game/action/5,http://microrts.com/game/action/targetsDistance,distant
http://microrts.com/game/action/5,http://www.w3.org/1999/02/22-rdf-syntax-ns#type,http://microrts.com/game/action/Action
http://microrts.com/game/action/5,http://microrts.com/game/action/describedBy,http://microrts.com/game/rating/attackTimeMedium
http://microrts.com/game/action/5,http://microrts.com/game/action/prefers,_:addc4893-ee7f-4f45-b7d7-6263aed9f04d
http://microrts.com/game/action/5,http://www.w3.org/2000/01/rdf-schema#comment,"if there's a unit in the specified location, damages it"
http://microrts.com/game/action/5,http://microrts.com/game/action/prefers,_:6521daaa-3ca7-4bf5-80d5-67969ce4b8c8
http://microrts.com/game/action/5,http://microrts.com/game/action/targets,http://microrts.com/game/unit/2
http://microrts.com/game/action/5,http://microrts.com/game/action/includedBy,http://microrts.com/game/mainGame
http://microrts.com/game/action/5,http://microrts.com/game/action/prefers,_:fcc6de3d-087f-4c07-b5d6-1f0753c3c2a4
http://microrts.com/game/action/5,http://microrts.com/game/action/doneBy,http://microrts.com/game/unit/5
http://microrts.com/game/action/5,http://microrts.com/game/action/prefers,_:f127ba62-cf81-40d5-8240-d28314c9393d
http://microrts.com/game/action/5,http://microrts.com/game/action/prefers,_:1c76c216-5cf5-4618-831b-cffba8010546
http://microrts.com/game/action/5,http://microrts.com/game/action/targetsPlayer,enemy
http://microrts.com/game/action/5,http://microrts.com/game/action/describedBy,http://microrts.com/game/rating/attackRangeBad
http://microrts.com/game/action/5,http://microrts.com/game/action/targets,http://microrts.com/game/unit/1
http://microrts.com/game/action/5,http://microrts.com/game/action/doneBy,http://microrts.com/game/unit/6
http://microrts.com/game/action/5,http://microrts.com/game/action/describedBy,http://microrts.com/game/rating/maxDamageBad
http://microrts.com/game/action/5,http://microrts.com/game/action/prefers,_:c6ba57fe-eb56-4a44-83ed-68e1347dfc3c
http://microrts.com/game/action/5,http://microrts.com/game/action/prefers,_:d038d07a-190b-4aca-99b0-e1f9d188d1f0
http://microrts.com/game/action/5,http://microrts.com/game/action/targets,http://microrts.com/game/unit/6
http://microrts.com/game/action/5,http://microrts.com/game/action/targets,http://microrts.com/game/unit/4
_:6f8c7f31-cc5c-43e8-94b3-32c84dbca677,http://microrts.com/game/action/value,http://microrts.com/game/action/5
_:6f8c7f31-cc5c-43e8-94b3-32c84dbca677,http://microrts.com/game/action/in,enemy
_:6f8c7f31-cc5c-43e8-94b3-32c84dbca677,http://microrts.com/game/action/statistic,action
http://microrts.com/game/rating/harvestTimeMedium,http://microrts.com/game/rating/rankedBy,http://microrts.com/game/unit/3
http://microrts.com/game/rating/harvestTimeMedium,http://microrts.com/game/rating/describes,http://microrts.com/game/action/2
http://microrts.com/game/rating/harvestTimeMedium,http://www.w3.org/1999/02/22-rdf-syntax-ns#type,http://microrts.com/game/rating/Rating
_:fcc6de3d-087f-4c07-b5d6-1f0753c3c2a4,http://microrts.com/game/action/value,low
_:fcc6de3d-087f-4c07-b5d6-1f0753c3c2a4,http://microrts.com/game/action/in,target
_:fcc6de3d-087f-4c07-b5d6-1f0753c3c2a4,http://microrts.com/game/action/statistic,hp
_:addc4893-ee7f-4f45-b7d7-6263aed9f04d,http://microrts.com/game/action/value,http://microrts.com/game/unit/6
_:addc4893-ee7f-4f45-b7d7-6263aed9f04d,http://microrts.com/game/action/in,target
_:addc4893-ee7f-4f45-b7d7-6263aed9f04d,http://microrts.com/game/action/statistic,unit
http://microrts.com/game/action/0,http://microrts.com/game/action/includedBy,http://microrts.com/game/mainGame
http://microrts.com/game/action/0,http://microrts.com/game/action/doneBy,http://microrts.com/game/unit/5
http://microrts.com/game/action/0,http://microrts.com/game/action/targetsPlayer,friendly
http://microrts.com/game/action/0,http://microrts.com/game/action/doneBy,http://microrts.com/game/unit/3
http://microrts.com/game/action/0,http://www.w3.org/2000/01/rdf-schema#label,wait
http://microrts.com/game/action/0,http://microrts.com/game/action/doneBy,http://microrts.com/game/unit/6
http://microrts.com/game/action/0,http://microrts.com/game/action/doneBy,http://microrts.com/game/unit/4
http://microrts.com/game/action/0,http://www.w3.org/1999/02/22-rdf-syntax-ns#type,http://microrts.com/game/action/Action
http://microrts.com/game/action/0,http://microrts.com/game/action/prefers,_:749c6d8c-6d0a-4ed0-a05e-005562dedc1b
http://microrts.com/game/action/0,http://microrts.com/game/action/doneBy,http://microrts.com/game/unit/0
http://microrts.com/game/action/0,http://microrts.com/game/action/targetsDistance,self
http://microrts.com/game/action/0,http://microrts.com/game/action/doneBy,http://microrts.com/game/unit/1
http://microrts.com/game/action/0,http://www.w3.org/2000/01/rdf-schema#comment,no action is taken
http://microrts.com/game/action/0,http://microrts.com/game/action/doneBy,http://microrts.com/game/unit/2
_:4caf3f52-3aa4-4f7a-8474-be133003bc0b,http://microrts.com/game/unit/value,low
_:4caf3f52-3aa4-4f7a-8474-be133003bc0b,http://microrts.com/game/unit/statistic,resources
_:d70162e2-a3f6-462a-b4a1-f269a9602abd,http://microrts.com/game/unit/unit,http://microrts.com/game/unit/1
_:d70162e2-a3f6-462a-b4a1-f269a9602abd,http://microrts.com/game/unit/relation,enemy
_:e1db1453-9f08-4f38-a9ca-09b11ec49e13,http://microrts.com/game/unit/if,_:4caf3f52-3aa4-4f7a-8474-be133003bc0b
_:e1db1453-9f08-4f38-a9ca-09b11ec49e13,http://microrts.com/game/unit/unit,http://microrts.com/game/unit/0
_:e1db1453-9f08-4f38-a9ca-09b11ec49e13,http://microrts.com/game/unit/relation,neutral
_:2a2d4015-d4e5-4a05-9363-f1c63240936c,http://microrts.com/game/unit/weight,"""1.0""^^xsd:double"
_:2a2d4015-d4e5-4a05-9363-f1c63240936c,http://microrts.com/game/unit/fraction,"""0.3""^^xsd:double"
_:2a2d4015-d4e5-4a05-9363-f1c63240936c,http://microrts.com/game/unit/how,below
_:2a2d4015-d4e5-4a05-9363-f1c63240936c,http://microrts.com/game/unit/relation,enemy
_:2a2d4015-d4e5-4a05-9363-f1c63240936c,http://microrts.com/game/unit/unit,http://microrts.com/game/unit/4
_:adb06e11-73d8-49b2-b7dd-fca3d66daa8b,http://microrts.com/game/unit/unit,http://microrts.com/game/unit/1
_:adb06e11-73d8-49b2-b7dd-fca3d66daa8b,http://microrts.com/game/unit/relation,enemy
_:e5eb5894-2c74-482f-8a1d-d1827bfb394b,http://microrts.com/game/action/value,http://microrts.com/game/unit/4
_:e5eb5894-2c74-482f-8a1d-d1827bfb394b,http://microrts.com/game/action/in,enemy
_:e5eb5894-2c74-482f-8a1d-d1827bfb394b,http://microrts.com/game/action/statistic,unit
http://microrts.com/game/unit/3,http://microrts.com/game/unit/hasReturnTime,"""10""^^xsd:long"
http://microrts.com/game/unit/3,http://microrts.com/game/unit/hasCost,"""1""^^xsd:long"
http://microrts.com/game/unit/3,http://microrts.com/game/unit/does,http://microrts.com/game/action/1
http://microrts.com/game/unit/3,http://microrts.com/game/unit/hasHp,"""1""^^xsd:long"
http://microrts.com/game/unit/3,http://microrts.com/game/unit/ranks,http://microrts.com/game/rating/harvestTimeMedium
http://microrts.com/game/unit/3,http://microrts.com/game/unit/produces,http://microrts.com/game/unit/2
http://microrts.com/game/unit/3,http://microrts.com/game/unit/aimsAt,_:e1db1453-9f08-4f38-a9ca-09b11ec49e13
http://microrts.com/game/unit/3,http://microrts.com/game/unit/ranks,http://microrts.com/game/rating/attackRangeBad
http://microrts.com/game/unit/3,http://www.w3.org/2000/01/rdf-schema#label,Worker
http://microrts.com/game/unit/3,http://microrts.com/game/unit/does,http://microrts.com/game/action/2
http://microrts.com/game/unit/3,http://www.w3.org/1999/02/22-rdf-syntax-ns#type,http://microrts.com/game/unit/Unit
http://microrts.com/game/unit/3,http://microrts.com/game/unit/includedBy,http://microrts.com/game/mainGame
http://microrts.com/game/unit/3,http://microrts.com/game/unit/ranks,http://microrts.com/game/rating/minDamageBad
http://microrts.com/game/unit/3,http://microrts.com/game/unit/produces,http://microrts.com/game/unit/1
http://microrts.com/game/unit/3,http://microrts.com/game/unit/targetedBy,http://microrts.com/game/action/5
http://microrts.com/game/unit/3,http://microrts.com/game/unit/isResource,"""false""^^xsd:boolean"
http://microrts.com/game/unit/3,http://microrts.com/game/unit/hasAttackTime,"""5""^^xsd:long"
http://microrts.com/game/unit/3,http://microrts.com/game/unit/does,http://microrts.com/game/action/3
http://microrts.com/game/unit/3,http://microrts.com/game/unit/producedBy,http://microrts.com/game/unit/1
http://microrts.com/game/unit/3,http://microrts.com/game/unit/ranks,http://microrts.com/game/rating/attackTimeMedium
http://microrts.com/game/unit/3,http://microrts.com/game/unit/ranks,http://microrts.com/game/rating/returnTimeMedium
http://microrts.com/game/unit/3,http://microrts.com/game/unit/hasHarvestAmount,"""1""^^xsd:long"
http://microrts.com/game/unit/3,http://microrts.com/game/unit/hasProduceTime,"""50""^^xsd:long"
http://microrts.com/game/unit/3,http://microrts.com/game/unit/aimsAt,_:c80e90bd-6a16-498e-805b-fc70a1b25154
http://microrts.com/game/unit/3,http://microrts.com/game/unit/ranks,http://microrts.com/game/rating/harvestAmountMedium
http://microrts.com/game/unit/3,http://microrts.com/game/unit/aimsAtDefault,_:b95de8ba-92e2-4292-8e33-e6797b9481e9
http://microrts.com/game/unit/3,http://microrts.com/game/unit/does,http://microrts.com/game/action/4
http://microrts.com/game/unit/3,http://microrts.com/game/unit/hasAttackRange,"""1""^^xsd:long"
http://microrts.com/game/unit/3,http://microrts.com/game/unit/hasMinDamage,"""1""^^xsd:long"
http://microrts.com/game/unit/3,http://microrts.com/game/unit/ranks,http://microrts.com/game/rating/moveTimeBad
http://microrts.com/game/unit/3,http://microrts.com/game/unit/createdBy,http://microrts.com/game/action/4
http://microrts.com/game/unit/3,http://microrts.com/game/unit/ranks,http://microrts.com/game/rating/hpBad
http://microrts.com/game/unit/3,http://microrts.com/game/unit/ranks,http://microrts.com/game/rating/costGood
http://microrts.com/game/unit/3,http://microrts.com/game/unit/does,http://microrts.com/game/action/5
http://microrts.com/game/unit/3,http://microrts.com/game/unit/ranks,http://microrts.com/game/rating/maxDamageBad
http://microrts.com/game/unit/3,http://microrts.com/game/unit/hasMaxDamage,"""1""^^xsd:long"
http://microrts.com/game/unit/3,http://microrts.com/game/unit/isStockpile,"""false""^^xsd:boolean"
http://microrts.com/game/unit/3,http://microrts.com/game/unit/prefers,_:febbbfb2-7797-4b20-94e0-4a2ce66686b7
http://microrts.com/game/unit/3,http://microrts.com/game/unit/does,http://microrts.com/game/action/0
http://microrts.com/game/unit/3,http://microrts.com/game/unit/hasMoveTime,"""10""^^xsd:long"
http://microrts.com/game/unit/3,http://microrts.com/game/unit/hasHarvestTime,"""20""^^xsd:long"
http://microrts.com/game/unit/3,http://microrts.com/game/unit/ranks,http://microrts.com/game/rating/produceTimeGood
http://microrts.com/game/mainGame,http://www.w3.org/1999/02/22-rdf-syntax-ns#type,http://microrts.com/game/Game
http://microrts.com/game/mainGame,http://microrts.com/game/includes,http://microrts.com/game/action/0
http://microrts.com/game/mainGame,http://microrts.com/game/includes,http://microrts.com/game/action/3
http://microrts.com/game/mainGame,http://microrts.com/game/includes,http://microrts.com/game/unit/6
http://microrts.com/game/mainGame,http://microrts.com/game/includes,http://microrts.com/game/unit/2
http://microrts.com/game/mainGame,http://microrts.com/game/hasMoveConflictResolutionStrategy,cancel both
http://microrts.com/game/mainGame,http://microrts.com/game/includes,http://microrts.com/game/unit/5
http://microrts.com/game/mainGame,http://microrts.com/game/includes,http://microrts.com/game/action/2
http://microrts.com/game/mainGame,http://microrts.com/game/includes,http://microrts.com/game/unit/1
http://microrts.com/game/mainGame,http://microrts.com/game/includes,http://microrts.com/game/action/5
http://microrts.com/game/mainGame,http://microrts.com/game/includes,http://microrts.com/game/action/1
http://microrts.com/game/mainGame,http://microrts.com/game/includes,http://microrts.com/game/unit/4
http://microrts.com/game/mainGame,http://microrts.com/game/hasMaxAttackRange,"""3""^^xsd:int"
http://microrts.com/game/mainGame,http://microrts.com/game/includes,http://microrts.com/game/unit/0
http://microrts.com/game/mainGame,http://microrts.com/game/includes,http://microrts.com/game/action/4
http://microrts.com/game/mainGame,http://microrts.com/game/includes,http://microrts.com/game/unit/3
_:58b3b0ee-8ffe-46a1-ba63-1dca34b9755f,http://microrts.com/game/action/value,http://microrts.com/game/unit/3
_:58b3b0ee-8ffe-46a1-ba63-1dca34b9755f,http://microrts.com/game/action/in,target
_:58b3b0ee-8ffe-46a1-ba63-1dca34b9755f,http://microrts.com/game/action/statistic,unit
http://microrts.com/game/rating/costGood,http://microrts.com/game/rating/rankedBy,http://microrts.com/game/unit/6
http://microrts.com/game/rating/costGood,http://microrts.com/game/rating/rankedBy,http://microrts.com/game/unit/5
http://microrts.com/game/rating/costGood,http://microrts.com/game/rating/rankedBy,http://microrts.com/game/unit/4
http://microrts.com/game/rating/costGood,http://microrts.com/game/rating/rankedBy,http://microrts.com/game/unit/3
http://microrts.com/game/rating/costGood,http://microrts.com/game/rating/describesInCreatedBy,http://microrts.com/game/action/4
http://microrts.com/game/rating/costGood,http://www.w3.org/1999/02/22-rdf-syntax-ns#type,http://microrts.com/game/rating/Rating
http://microrts.com/game/rating/harvestAmountMedium,http://microrts.com/game/rating/rankedBy,http://microrts.com/game/unit/3
http://microrts.com/game/rating/harvestAmountMedium,http://microrts.com/game/rating/describes,http://microrts.com/game/action/2
http://microrts.com/game/rating/harvestAmountMedium,http://www.w3.org/1999/02/22-rdf-syntax-ns#type,http://microrts.com/game/rating/Rating
_:9bf14983-1bf6-4181-a01a-8140eb53713a,http://microrts.com/game/action/value,low
_:9bf14983-1bf6-4181-a01a-8140eb53713a,http://microrts.com/game/action/in,self
_:9bf14983-1bf6-4181-a01a-8140eb53713a,http://microrts.com/game/action/statistic,resources
http://microrts.com/game/rating/attackRangeBad,http://microrts.com/game/rating/rankedBy,http://microrts.com/game/unit/5
http://microrts.com/game/rating/attackRangeBad,http://microrts.com/game/rating/rankedBy,http://microrts.com/game/unit/4
http://microrts.com/game/rating/attackRangeBad,http://microrts.com/game/rating/rankedBy,http://microrts.com/game/unit/3
http://microrts.com/game/rating/attackRangeBad,http://microrts.com/game/rating/describes,http://microrts.com/game/action/5
http://microrts.com/game/rating/attackRangeBad,http://www.w3.org/1999/02/22-rdf-syntax-ns#type,http://microrts.com/game/rating/Rating
http://microrts.com/game/action/2,http://microrts.com/game/action/targetsPlayer,neutral
http://microrts.com/game/action/2,http://microrts.com/game/action/prefers,_:7ced428b-6cbd-45d8-8707-5930abc79032
http://microrts.com/game/action/2,http://microrts.com/game/action/targets,http://microrts.com/game/unit/0
http://microrts.com/game/action/2,http://www.w3.org/2000/01/rdf-schema#label,harvest
http://microrts.com/game/action/2,http://microrts.com/game/action/needs,_:9bf14983-1bf6-4181-a01a-8140eb53713a
http://microrts.com/game/action/2,http://www.w3.org/2000/01/rdf-schema#comment,attempts to harvest from a resource in the specified direction
http://microrts.com/game/action/2,http://microrts.com/game/action/describedBy,http://microrts.com/game/rating/harvestTimeMedium
http://microrts.com/game/action/2,http://microrts.com/game/action/describedBy,http://microrts.com/game/rating/harvestAmountMedium
http://microrts.com/game/action/2,http://microrts.com/game/action/includedBy,http://microrts.com/game/mainGame
http://microrts.com/game/action/2,http://microrts.com/game/action/prefers,_:38112359-f071-4fa2-b252-cd7d900e8ba4
http://microrts.com/game/action/2,http://microrts.com/game/action/prefers,_:2235f5f9-2f72-44af-9b5d-a9d406c12d50
http://microrts.com/game/action/2,http://microrts.com/game/action/doneBy,http://microrts.com/game/unit/3
http://microrts.com/game/action/2,http://microrts.com/game/action/prefers,_:30a9c54a-6a17-4007-a931-c02ce9977516
http://microrts.com/game/action/2,http://microrts.com/game/action/prefers,_:857331c9-4b53-4106-98bf-97e6aa49bc1b
http://microrts.com/game/action/2,http://microrts.com/game/action/targetsDistance,adjacent
http://microrts.com/game/action/2,http://www.w3.org/1999/02/22-rdf-syntax-ns#type,http://microrts.com/game/action/Action
http://microrts.com/game/action/2,http://microrts.com/game/action/prefers,_:10747042-f36a-4056-9b02-a57d0693fd6d
http://microrts.com/game/action/2,http://microrts.com/game/action/prefers,_:ca86e6f0-79fa-4820-b091-7e15102ed1ab
http://microrts.com/game/rating/minDamageGood,http://microrts.com/game/rating/rankedBy,http://microrts.com/game/unit/5
http://microrts.com/game/rating/minDamageGood,http://microrts.com/game/rating/describes,http://microrts.com/game/action/5
http://microrts.com/game/rating/minDamageGood,http://www.w3.org/1999/02/22-rdf-syntax-ns#type,http://microrts.com/game/rating/Rating
_:c68fc4e6-a6cf-4615-87fe-9a7334fd255f,http://microrts.com/game/action/value,http://microrts.com/game/action/2
_:c68fc4e6-a6cf-4615-87fe-9a7334fd255f,http://microrts.com/game/action/in,target
_:c68fc4e6-a6cf-4615-87fe-9a7334fd255f,http://microrts.com/game/action/statistic,action
_:be631807-0891-4dc9-960e-e2e103148628,http://microrts.com/game/action/value,high
_:be631807-0891-4dc9-960e-e2e103148628,http://microrts.com/game/action/in,target
_:be631807-0891-4dc9-960e-e2e103148628,http://microrts.com/game/action/statistic,resources
_:b16b0289-984f-4f0f-9f5b-06ad3b05e1f1,http://microrts.com/game/action/value,low
_:b16b0289-984f-4f0f-9f5b-06ad3b05e1f1,http://microrts.com/game/action/in,target
_:b16b0289-984f-4f0f-9f5b-06ad3b05e1f1,http://microrts.com/game/action/statistic,resources
_:ca86e6f0-79fa-4820-b091-7e15102ed1ab,http://microrts.com/game/action/value,low
_:ca86e6f0-79fa-4820-b091-7e15102ed1ab,http://microrts.com/game/action/in,self
_:ca86e6f0-79fa-4820-b091-7e15102ed1ab,http://microrts.com/game/action/statistic,resources
_:ece9a5a8-c78d-4560-92c1-e406d4a3107c,http://microrts.com/game/unit/weight,"""0.5""^^xsd:double"
_:ece9a5a8-c78d-4560-92c1-e406d4a3107c,http://microrts.com/game/unit/fraction,"""0.15""^^xsd:double"
_:ece9a5a8-c78d-4560-92c1-e406d4a3107c,http://microrts.com/game/unit/how,over
_:ece9a5a8-c78d-4560-92c1-e406d4a3107c,http://microrts.com/game/unit/relation,enemy
_:ece9a5a8-c78d-4560-92c1-e406d4a3107c,http://microrts.com/game/unit/unit,http://microrts.com/game/unit/6
http://microrts.com/game/unit/5,http://microrts.com/game/unit/does,http://microrts.com/game/action/5
http://microrts.com/game/unit/5,http://microrts.com/game/unit/includedBy,http://microrts.com/game/mainGame
http://microrts.com/game/unit/5,http://microrts.com/game/unit/createdBy,http://microrts.com/game/action/4
http://microrts.com/game/unit/5,http://microrts.com/game/unit/ranks,http://microrts.com/game/rating/costGood
http://microrts.com/game/unit/5,http://microrts.com/game/unit/ranks,http://microrts.com/game/rating/produceTimeBad
http://microrts.com/game/unit/5,http://www.w3.org/2000/01/rdf-schema#label,Heavy
http://microrts.com/game/unit/5,http://microrts.com/game/unit/hasMinDamage,"""4""^^xsd:long"
http://microrts.com/game/unit/5,http://microrts.com/game/unit/hasProduceTime,"""120""^^xsd:long"
http://microrts.com/game/unit/5,http://microrts.com/game/unit/isStockpile,"""false""^^xsd:boolean"
http://microrts.com/game/unit/5,http://microrts.com/game/unit/ranks,http://microrts.com/game/rating/attackRangeBad
http://microrts.com/game/unit/5,http://www.w3.org/1999/02/22-rdf-syntax-ns#type,http://microrts.com/game/unit/Unit
http://microrts.com/game/unit/5,http://microrts.com/game/unit/hasAttackRange,"""1""^^xsd:long"
http://microrts.com/game/unit/5,http://microrts.com/game/unit/ranks,http://microrts.com/game/rating/hpMedium
http://microrts.com/game/unit/5,http://microrts.com/game/unit/hasMaxDamage,"""4""^^xsd:long"
http://microrts.com/game/unit/5,http://microrts.com/game/unit/hasAttackTime,"""5""^^xsd:long"
http://microrts.com/game/unit/5,http://microrts.com/game/unit/ranks,http://microrts.com/game/rating/minDamageGood
http://microrts.com/game/unit/5,http://microrts.com/game/unit/producedBy,http://microrts.com/game/unit/2
http://microrts.com/game/unit/5,http://microrts.com/game/unit/hasCost,"""2""^^xsd:long"
http://microrts.com/game/unit/5,http://microrts.com/game/unit/isResource,"""false""^^xsd:boolean"
http://microrts.com/game/unit/5,http://microrts.com/game/unit/ranks,http://microrts.com/game/rating/maxDamageGood
http://microrts.com/game/unit/5,http://microrts.com/game/unit/targetedBy,http://microrts.com/game/action/5
http://microrts.com/game/unit/5,http://microrts.com/game/unit/does,http://microrts.com/game/action/0
http://microrts.com/game/unit/5,http://microrts.com/game/unit/prefers,_:1de1b84f-8870-46ff-a3c5-6fe0ebdd697e
http://microrts.com/game/unit/5,http://microrts.com/game/unit/hasHp,"""4""^^xsd:long"
http://microrts.com/game/unit/5,http://microrts.com/game/unit/aimsAt,_:adb06e11-73d8-49b2-b7dd-fca3d66daa8b
http://microrts.com/game/unit/5,http://microrts.com/game/unit/hasMoveTime,"""12""^^xsd:long"
http://microrts.com/game/unit/5,http://microrts.com/game/unit/prefers,_:167f9847-90bc-4b58-998c-2ae86e31882d
http://microrts.com/game/unit/5,http://microrts.com/game/unit/aimsAtDefault,_:7e310c41-94f1-4d4b-a9c0-88b8f91ab34f
http://microrts.com/game/unit/5,http://microrts.com/game/unit/ranks,http://microrts.com/game/rating/attackTimeMedium
http://microrts.com/game/unit/5,http://microrts.com/game/unit/does,http://microrts.com/game/action/1
http://microrts.com/game/unit/5,http://microrts.com/game/unit/ranks,http://microrts.com/game/rating/moveTimeBad
http://microrts.com/game/rating/moveTimeBad,http://microrts.com/game/rating/rankedBy,http://microrts.com/game/unit/6
http://microrts.com/game/rating/moveTimeBad,http://microrts.com/game/rating/rankedBy,http://microrts.com/game/unit/5
http://microrts.com/game/rating/moveTimeBad,http://microrts.com/game/rating/rankedBy,http://microrts.com/game/unit/3
http://microrts.com/game/rating/moveTimeBad,http://microrts.com/game/rating/describes,http://microrts.com/game/action/1
http://microrts.com/game/rating/moveTimeBad,http://www.w3.org/1999/02/22-rdf-syntax-ns#type,http://microrts.com/game/rating/Rating
http://microrts.com/game/rating/maxDamageMedium,http://microrts.com/game/rating/rankedBy,http://microrts.com/game/unit/4
http://microrts.com/game/rating/maxDamageMedium,http://microrts.com/game/rating/describes,http://microrts.com/game/action/5
http://microrts.com/game/rating/maxDamageMedium,http://www.w3.org/1999/02/22-rdf-syntax-ns#type,http://microrts.com/game/rating/Rating
_:857331c9-4b53-4106-98bf-97e6aa49bc1b,http://microrts.com/game/action/value,http://microrts.com/game/unit/4
_:857331c9-4b53-4106-98bf-97e6aa49bc1b,http://microrts.com/game/action/in,friendly
_:857331c9-4b53-4106-98bf-97e6aa49bc1b,http://microrts.com/game/action/statistic,unit
http://microrts.com/game/unit/0,http://microrts.com/game/unit/includedBy,http://microrts.com/game/mainGame
http://microrts.com/game/unit/0,http://microrts.com/game/unit/isStockpile,"""false""^^xsd:boolean"
http://microrts.com/game/unit/0,http://microrts.com/game/unit/isResource,"""true""^^xsd:boolean"
http://microrts.com/game/unit/0,http://microrts.com/game/unit/targetedBy,http://microrts.com/game/action/2
http://microrts.com/game/unit/0,http://microrts.com/game/unit/does,http://microrts.com/game/action/0
http://microrts.com/game/unit/0,http://www.w3.org/2000/01/rdf-schema#label,Resource
http://microrts.com/game/unit/0,http://www.w3.org/1999/02/22-rdf-syntax-ns#type,http://microrts.com/game/unit/Unit
